{
  "auc_roc": 0.9779003010572009,
  "auc_pr": 0.8437552574780772,
  "f1_score": 0.515748031496063,
  "accuracy": 0.8885869565217391,
  "sensitivity": 0.9492753623188406,
  "specificity": 0.8845410628019323,
  "precision": 0.35405405405405405,
  "true_positives": 131,
  "false_positives": 239,
  "true_negatives": 1831,
  "false_negatives": 7,
  "threshold": 0.5,
  "sensitivity_at_0.5fp": 0.10144927536231885,
  "sensitivity_at_1fp": 0.10144927536231885,
  "sensitivity_at_2fp": 0.26811594202898553,
  "sensitivity_at_4fp": 0.3333333333333333,
  "sensitivity_at_8fp": 0.6521739130434783,
  "ece": 0.44790142156399676,
  "uncertainty": {
    "mean_confidence": 0.9943923950195312,
    "mean_confidence_correct": 0.995457112789154,
    "mean_confidence_incorrect": 0.9893981218338013,
    "uncertain_cases_ratio": 0.0,
    "uncertain_cases_count": 0,
    "misclassified_flagged_by_uncertainty": 0.0
  }
}