{
  "num_folds": 5,
  "optimal_threshold": {
    "mean": 0.503,
    "std": 0.023579652245103198
  },
  "optimal_metrics": {
    "precision": {
      "mean": 0.031581379259743,
      "std": 0.015394030905040101
    },
    "recall": {
      "mean": 0.8035923106804581,
      "std": 0.12988848754500038
    },
    "f1": {
      "mean": 0.06043332849092099,
      "std": 0.029054414053013095
    },
    "sensitivity": {
      "mean": 0.8035923106804581,
      "std": 0.12988848754500038
    },
    "specificity": {
      "mean": 0.885972141092567,
      "std": 0.11117529176392156
    },
    "accuracy": {
      "mean": 0.8857624003266693,
      "std": 0.11121061462333061
    }
  },
  "default_metrics": {
    "precision": {
      "mean": 0.032350473107076415,
      "std": 0.01638261147804589
    },
    "recall": {
      "mean": 0.8227175091343968,
      "std": 0.059951136412927646
    },
    "f1": {
      "mean": 0.061684033614483456,
      "std": 0.03072398433429298
    },
    "sensitivity": {
      "mean": 0.8227175091343968,
      "std": 0.059951136412927646
    },
    "specificity": {
      "mean": 0.8459238932174473,
      "std": 0.1931524312370372
    },
    "accuracy": {
      "mean": 0.8458640157010159,
      "std": 0.19279088331471067
    }
  }
}